{"meta": {"format": 2, "version": "7.4.3", "timestamp": "2024-04-08T20:20:51.285582", "branch_coverage": false, "show_contexts": false}, "files": {"dateroll/__init__.py": {"executed_lines": [2, 3, 10, 11, 12, 14, 15, 16], "summary": {"covered_lines": 8, "num_statements": 13, "percent_covered": 61.53846153846154, "percent_covered_display": "62", "missing_lines": 5, "excluded_lines": 0}, "missing_lines": [4, 5, 6, 7, 8], "excluded_lines": []}, "dateroll/__main__.py": {"executed_lines": [], "summary": {"covered_lines": 0, "num_statements": 0, "percent_covered": 100.0, "percent_covered_display": "100", "missing_lines": 0, "excluded_lines": 0}, "missing_lines": [], "excluded_lines": []}, "dateroll/calendars/__init__.py": {"executed_lines": [0], "summary": {"covered_lines": 0, "num_statements": 0, "percent_covered": 100.0, "percent_covered_display": "100", "missing_lines": 0, "excluded_lines": 0}, "missing_lines": [], "excluded_lines": []}, "dateroll/calendars/__main__.py": {"executed_lines": [], "summary": {"covered_lines": 0, "num_statements": 0, "percent_covered": 100.0, "percent_covered_display": "100", "missing_lines": 0, "excluded_lines": 0}, "missing_lines": [], "excluded_lines": []}, "dateroll/calendars/calendarmath.py": {"executed_lines": [1, 2, 3, 4, 5, 7, 8, 10, 11, 12, 13, 14, 16, 17, 20, 21, 40, 41, 42, 43, 44, 45, 47, 48, 49, 50, 52, 70, 74, 80, 81, 83, 87, 97, 99, 100, 101, 102, 103, 105, 106, 107, 109, 110, 119, 120, 127, 128, 132, 133, 142, 143, 152, 153, 155, 156, 157, 158, 161, 162, 163, 165, 167, 168, 169, 170, 171, 172, 175, 176, 177, 178, 179, 181, 183, 221, 231, 247, 273, 280, 287, 288, 311, 325, 348, 351, 358, 360], "summary": {"covered_lines": 86, "num_statements": 189, "percent_covered": 45.5026455026455, "percent_covered_display": "46", "missing_lines": 103, "excluded_lines": 2}, "missing_lines": [56, 57, 58, 59, 60, 61, 62, 64, 65, 66, 68, 89, 91, 92, 93, 94, 116, 117, 121, 122, 124, 125, 129, 130, 139, 140, 159, 191, 192, 193, 194, 195, 196, 198, 199, 201, 202, 204, 205, 207, 208, 210, 211, 212, 213, 215, 216, 217, 219, 225, 226, 228, 229, 233, 235, 237, 238, 240, 241, 242, 244, 245, 252, 253, 255, 256, 258, 259, 260, 261, 262, 264, 265, 266, 268, 269, 271, 277, 278, 284, 285, 298, 299, 303, 304, 305, 307, 309, 317, 319, 321, 323, 329, 330, 331, 333, 335, 338, 341, 342, 346, 349, 355], "excluded_lines": [360, 361]}, "dateroll/calendars/calendars.py": {"executed_lines": [1, 2, 3, 4, 5, 6, 7, 9, 10, 11, 12, 13, 15, 16, 17, 18, 19, 20, 21, 23, 26, 29, 46, 64, 65, 67, 68, 70, 72, 73, 75, 76, 77, 78, 79, 80, 82, 101, 103, 106, 112, 113, 123, 132, 139, 145, 151, 152, 154, 155, 157, 161, 164, 165, 169, 170, 171, 172, 173, 175, 179, 180, 182, 183, 187, 188, 189, 190, 191, 192, 196, 198, 223, 224, 226, 238, 239, 240, 244, 248, 253, 266, 268, 269, 271, 272, 276, 282, 283, 315, 320, 323, 324, 325, 327, 330, 331, 335], "summary": {"covered_lines": 96, "num_statements": 220, "percent_covered": 43.63636363636363, "percent_covered_display": "44", "missing_lines": 124, "excluded_lines": 2}, "missing_lines": [30, 31, 32, 33, 35, 38, 39, 43, 47, 48, 49, 50, 51, 52, 53, 54, 55, 56, 57, 59, 60, 61, 83, 84, 86, 87, 89, 91, 92, 94, 95, 96, 97, 99, 104, 107, 108, 109, 114, 115, 116, 119, 120, 121, 124, 125, 126, 127, 129, 130, 133, 134, 135, 136, 137, 140, 141, 142, 143, 146, 147, 149, 158, 201, 202, 205, 206, 207, 208, 209, 210, 212, 213, 215, 216, 218, 219, 221, 230, 231, 233, 234, 235, 236, 242, 245, 246, 249, 250, 251, 259, 261, 262, 264, 274, 277, 278, 279, 280, 284, 285, 286, 287, 288, 289, 290, 291, 292, 293, 295, 297, 298, 299, 300, 301, 303, 304, 313, 316, 317, 318, 321, 328, 332], "excluded_lines": [335, 337]}, "dateroll/date/__init__.py": {"executed_lines": [0], "summary": {"covered_lines": 0, "num_statements": 0, "percent_covered": 100.0, "percent_covered_display": "100", "missing_lines": 0, "excluded_lines": 0}, "missing_lines": [], "excluded_lines": []}, "dateroll/date/__main__.py": {"executed_lines": [], "summary": {"covered_lines": 0, "num_statements": 0, "percent_covered": 100.0, "percent_covered_display": "100", "missing_lines": 0, "excluded_lines": 0}, "missing_lines": [], "excluded_lines": []}, "dateroll/date/date.py": {"executed_lines": [1, 3, 5, 6, 7, 8, 9, 10, 11, 12, 15, 16, 20, 21, 31, 32, 46, 47, 53, 54, 74, 75, 87, 88, 91, 92, 95, 96, 99, 105, 106, 122, 123, 129, 130, 136, 137, 140, 141, 144, 174, 177, 221, 229, 236, 246, 247, 259, 262, 269, 274, 275, 278, 279, 282, 283, 286, 287, 291], "summary": {"covered_lines": 58, "num_statements": 164, "percent_covered": 35.36585365853659, "percent_covered_display": "35", "missing_lines": 106, "excluded_lines": 0}, "missing_lines": [23, 24, 28, 29, 36, 37, 38, 39, 40, 42, 48, 49, 50, 51, 58, 59, 60, 61, 62, 63, 65, 67, 68, 69, 70, 71, 72, 79, 80, 81, 83, 89, 93, 97, 103, 110, 119, 120, 127, 131, 132, 133, 134, 138, 142, 149, 150, 153, 155, 157, 160, 161, 164, 165, 166, 167, 168, 170, 175, 182, 183, 186, 189, 190, 191, 193, 195, 196, 198, 199, 203, 206, 207, 208, 211, 212, 213, 214, 215, 217, 222, 223, 225, 230, 232, 233, 234, 237, 239, 240, 241, 243, 244, 248, 249, 252, 254, 257, 260, 266, 267, 270, 276, 280, 284, 288], "excluded_lines": []}, "dateroll/ddh/__init__.py": {"executed_lines": [0], "summary": {"covered_lines": 0, "num_statements": 0, "percent_covered": 100.0, "percent_covered_display": "100", "missing_lines": 0, "excluded_lines": 0}, "missing_lines": [], "excluded_lines": []}, "dateroll/ddh/__main__.py": {"executed_lines": [], "summary": {"covered_lines": 0, "num_statements": 0, "percent_covered": 100.0, "percent_covered_display": "100", "missing_lines": 0, "excluded_lines": 0}, "missing_lines": [], "excluded_lines": []}, "dateroll/ddh/ddh.py": {"executed_lines": [1, 2, 5, 6, 7, 8, 9, 10, 12, 24, 27, 28, 29, 30, 31, 32, 33, 35, 47, 48, 63, 66, 69, 72, 75, 78, 81, 84, 87, 90, 93, 96, 100], "summary": {"covered_lines": 32, "num_statements": 58, "percent_covered": 55.172413793103445, "percent_covered_display": "55", "missing_lines": 26, "excluded_lines": 3}, "missing_lines": [36, 37, 38, 39, 40, 41, 43, 45, 52, 53, 55, 56, 57, 58, 59, 60, 61, 67, 70, 73, 79, 82, 85, 91, 94, 97], "excluded_lines": [100, 102, 104]}, "dateroll/duration/__init__.py": {"executed_lines": [0], "summary": {"covered_lines": 0, "num_statements": 0, "percent_covered": 100.0, "percent_covered_display": "100", "missing_lines": 0, "excluded_lines": 0}, "missing_lines": [], "excluded_lines": []}, "dateroll/duration/__main__.py": {"executed_lines": [], "summary": {"covered_lines": 0, "num_statements": 0, "percent_covered": 100.0, "percent_covered_display": "100", "missing_lines": 0, "excluded_lines": 0}, "missing_lines": [], "excluded_lines": []}, "dateroll/duration/duration.py": {"executed_lines": [1, 2, 3, 5, 6, 8, 9, 10, 11, 12, 13, 14, 21, 23, 25, 26, 28, 33, 66, 68, 100, 169, 189, 190, 195, 196, 223, 224, 234, 280, 321, 331, 332, 342, 343, 347, 348, 352, 353, 357, 358, 368, 416, 500, 573, 599, 602, 628, 632, 637, 641, 648, 652, 656, 670, 673, 676, 693, 703, 712, 718, 724, 725, 728, 729, 732, 733, 736, 737, 740, 741, 744, 745, 748, 749, 752, 753, 756, 757, 760, 779], "summary": {"covered_lines": 81, "num_statements": 363, "percent_covered": 22.31404958677686, "percent_covered_display": "22", "missing_lines": 282, "excluded_lines": 0},